post_id,attachment_id,attachment_url,is_featured_image
1476545,1476547,https://biblicomentarios.com/wp-content/uploads/2024/02/estados-unidos.png,0
1476520,1476524,https://biblicomentarios.com/wp-content/uploads/2024/02/1280px-Hebron0011.jpg,1
1476491,1476493,https://biblicomentarios.com/wp-content/uploads/2024/02/monte-sinai.jpg,0
1475477,1475479,https://biblicomentarios.com/wp-content/uploads/2024/01/espiritu-santo.jpg,0
1474732,1474735,https://biblicomentarios.com/wp-content/uploads/2023/12/libro-rut.png,0
1473951,1473954,https://biblicomentarios.com/wp-content/uploads/2023/11/sarcofago-tutankhamon-egipto-momia1.jpg,0
1473951,1473955,https://biblicomentarios.com/wp-content/uploads/2023/11/F220410NI021.jpg,0
1473951,1473956,https://biblicomentarios.com/wp-content/uploads/2023/11/F220410NI02-2000x11251-1.jpg,1
1473951,1473957,https://biblicomentarios.com/wp-content/uploads/2023/11/image.png,0
1473929,1473931,https://biblicomentarios.com/wp-content/uploads/2023/11/216834.jpg,1
1473920,1473922,https://biblicomentarios.com/wp-content/uploads/2023/11/1453836.jpg,1
1473389,1473390,https://biblicomentarios.com/wp-content/uploads/2023/10/7832674.jpg,1
1473386,1473387,https://biblicomentarios.com/wp-content/uploads/2023/10/3738922.jpg,1
1473383,1473384,https://biblicomentarios.com/wp-content/uploads/2023/10/4085112.jpg,1
1473380,1473381,https://biblicomentarios.com/wp-content/uploads/2023/10/5382512.jpg,1
1473377,1473378,https://biblicomentarios.com/wp-content/uploads/2023/10/74399.jpg,1
1473374,1473375,https://biblicomentarios.com/wp-content/uploads/2023/10/4779544.jpg,1
1473371,1473372,https://biblicomentarios.com/wp-content/uploads/2023/10/4768976.jpg,1
1473368,1473369,https://biblicomentarios.com/wp-content/uploads/2023/10/1308663.jpg,1
1473365,1473366,https://biblicomentarios.com/wp-content/uploads/2023/10/7582440.jpg,1
1473362,1473363,https://biblicomentarios.com/wp-content/uploads/2023/10/6827294.jpg,1
1473256,1473257,https://biblicomentarios.com/wp-content/uploads/2023/10/cover.jpg,1
1473256,1473282,https://biblicomentarios.com/wp-content/uploads/2023/10/image-2.webp,0
1473256,1473283,https://biblicomentarios.com/wp-content/uploads/2023/10/image-3.webp,0
1473256,1473284,https://biblicomentarios.com/wp-content/uploads/2023/10/image.jpeg,0
1473256,1473285,https://biblicomentarios.com/wp-content/uploads/2023/10/image-7.png,0
1473256,1473286,https://biblicomentarios.com/wp-content/uploads/2023/10/image-8.png,0
1473256,1473287,https://biblicomentarios.com/wp-content/uploads/2023/10/image-1.jpeg,0
1473256,1473288,https://biblicomentarios.com/wp-content/uploads/2023/10/image-2.jpeg,0
1473256,1473289,https://biblicomentarios.com/wp-content/uploads/2023/10/image-3.jpeg,0
1473256,1473290,https://biblicomentarios.com/wp-content/uploads/2023/10/image-9.png,0
1473256,1473291,https://biblicomentarios.com/wp-content/uploads/2023/10/image-10.png,0
1473256,1473292,https://biblicomentarios.com/wp-content/uploads/2023/10/image-11.png,0
1473256,1473293,https://biblicomentarios.com/wp-content/uploads/2023/10/image-12.png,0
1473256,1473294,https://biblicomentarios.com/wp-content/uploads/2023/10/image-13.png,0
1473256,1473295,https://biblicomentarios.com/wp-content/uploads/2023/10/image-14.png,0
1472922,1472923,https://biblicomentarios.com/wp-content/uploads/2023/09/7130523.jpg,1
1472922,1472936,https://biblicomentarios.com/wp-content/uploads/2023/09/image-4.png,0
1472922,1472937,https://biblicomentarios.com/wp-content/uploads/2023/09/image-5.png,0
1472922,1472938,https://biblicomentarios.com/wp-content/uploads/2023/09/image-6.png,0
1472922,1472939,https://biblicomentarios.com/wp-content/uploads/2023/09/image-7.png,0
1472922,1472940,https://biblicomentarios.com/wp-content/uploads/2023/09/image-8.png,0
1472922,1472941,https://biblicomentarios.com/wp-content/uploads/2023/09/image-9.png,0
1472922,1472942,https://biblicomentarios.com/wp-content/uploads/2023/09/image-10.png,0
1472922,1472943,https://biblicomentarios.com/wp-content/uploads/2023/09/image-11.png,0
1472922,1472944,https://biblicomentarios.com/wp-content/uploads/2023/09/image-12.png,0
1472797,1472798,https://biblicomentarios.com/wp-content/uploads/2023/09/cover.jpg,1
1472771,1472772,https://biblicomentarios.com/wp-content/uploads/2023/09/3022907.jpg,1
1472635,1472636,https://biblicomentarios.com/wp-content/uploads/2023/09/436498.jpg,1
1472616,1472617,https://biblicomentarios.com/wp-content/uploads/2023/09/445228.jpg,1
1472616,1472618,https://biblicomentarios.com/wp-content/uploads/2023/09/219972.jpg,0
1472419,1472426,https://biblicomentarios.com/wp-content/uploads/2023/09/1322240.jpg,1
1472395,1472396,https://biblicomentarios.com/wp-content/uploads/2023/09/3381837.jpg,1
1472361,1472362,https://biblicomentarios.com/wp-content/uploads/2023/09/4786028.jpg,1
1472361,1472363,https://biblicomentarios.com/wp-content/uploads/2023/09/2766395.jpg,0
1472331,1472333,https://biblicomentarios.com/wp-content/uploads/2023/09/siglo-ii.jpg,0
1472331,1472334,https://biblicomentarios.com/wp-content/uploads/2023/09/4833764.jpg,1
1472316,1472318,https://biblicomentarios.com/wp-content/uploads/2023/09/sociedad-judia.jpg,0
1472316,1472319,https://biblicomentarios.com/wp-content/uploads/2023/09/1752876.jpg,1
1472316,1472320,https://biblicomentarios.com/wp-content/uploads/2023/09/3186483.jpg,0
1472311,1472312,https://biblicomentarios.com/wp-content/uploads/2023/09/5315917.jpg,1
1472275,1472276,https://biblicomentarios.com/wp-content/uploads/2023/09/8226189.jpg,1
1472275,1472277,https://biblicomentarios.com/wp-content/uploads/2023/09/921039.jpg,0
1472272,1472273,https://biblicomentarios.com/wp-content/uploads/2023/09/19513.jpg,1
1472268,1472269,https://biblicomentarios.com/wp-content/uploads/2023/09/4336337.jpg,0
1472268,1472270,https://biblicomentarios.com/wp-content/uploads/2023/09/1869164.jpg,1
1472254,1472255,https://biblicomentarios.com/wp-content/uploads/2023/09/7172836.jpg,1
1472254,1472260,https://biblicomentarios.com/wp-content/uploads/2023/09/96233.jpg,0
1472254,1472261,https://biblicomentarios.com/wp-content/uploads/2023/09/2706188.jpg,0
1472248,1472251,https://biblicomentarios.com/wp-content/uploads/2023/09/22487.jpg,1
1472244,1472246,https://biblicomentarios.com/wp-content/uploads/2023/09/3059531.jpg,1
1472234,1472263,https://biblicomentarios.com/wp-content/uploads/2023/09/2435404.jpg,0
1472234,1472264,https://biblicomentarios.com/wp-content/uploads/2023/09/1660044.jpg,1
1472130,1472131,https://biblicomentarios.com/wp-content/uploads/2023/09/2525893.jpg,1
1472126,1472127,https://biblicomentarios.com/wp-content/uploads/2023/09/1730011.jpg,1
1472009,1472010,https://biblicomentarios.com/wp-content/uploads/2023/08/2577351.jpg,1
1471925,1471926,https://biblicomentarios.com/wp-content/uploads/2023/08/3401918.jpg,1
1471894,1471895,https://biblicomentarios.com/wp-content/uploads/2023/08/3092121.jpg,1
1471891,1471892,https://biblicomentarios.com/wp-content/uploads/2023/08/4817872.jpg,1
1471844,1471845,https://biblicomentarios.com/wp-content/uploads/2023/08/2159286.jpg,1
1471635,1471636,https://biblicomentarios.com/wp-content/uploads/2023/08/7012006.jpg,1
1471617,1471618,https://biblicomentarios.com/wp-content/uploads/2023/08/4707761.jpg,1
1471469,1471470,https://biblicomentarios.com/wp-content/uploads/2023/08/107955.jpg,1
1471401,1471402,https://biblicomentarios.com/wp-content/uploads/2023/08/1421097.jpg,1
1471265,1471266,https://biblicomentarios.com/wp-content/uploads/2023/08/3164883.jpg,1
1471260,1471261,https://biblicomentarios.com/wp-content/uploads/2023/08/2388500.jpg,0
1471260,1471262,https://biblicomentarios.com/wp-content/uploads/2023/08/719066.jpg,1
1471260,1471339,https://biblicomentarios.com/wp-content/uploads/2023/08/2388500-1.jpg,0
1471257,1471258,https://biblicomentarios.com/wp-content/uploads/2023/08/7253733.jpg,1
1471254,1471255,https://biblicomentarios.com/wp-content/uploads/2023/08/198998.jpg,1
1471254,1471343,https://biblicomentarios.com/wp-content/uploads/2023/08/756949.jpg,0
1471246,1471247,https://biblicomentarios.com/wp-content/uploads/2023/08/838667.jpg,1
1471232,1471236,https://biblicomentarios.com/wp-content/uploads/2023/08/abraham-4.png,0
1471232,1471237,https://biblicomentarios.com/wp-content/uploads/2023/08/1811955.jpg,1
1471190,1471191,https://biblicomentarios.com/wp-content/uploads/2023/08/5946381.jpg,1
1471184,1471371,https://biblicomentarios.com/wp-content/uploads/2023/08/imperio-romano.jpg,0
1471184,1471372,https://biblicomentarios.com/wp-content/uploads/2023/08/4278679-1.jpg,1
1471183,1471185,https://biblicomentarios.com/wp-content/uploads/2023/08/4278679.jpg,1
1471173,1471175,https://biblicomentarios.com/wp-content/uploads/2023/08/hechos-10-1.png,0
1471173,1471177,https://biblicomentarios.com/wp-content/uploads/2023/08/1878213.jpg,1
1471169,1471171,https://biblicomentarios.com/wp-content/uploads/2023/08/hechos-10.png,0
1471138,1471142,https://biblicomentarios.com/wp-content/uploads/2023/08/3236285.jpg,0
1471138,1471144,https://biblicomentarios.com/wp-content/uploads/2023/08/4231241.jpg,0
1471138,1471145,https://biblicomentarios.com/wp-content/uploads/2023/08/2991600.jpg,0
1471100,1471104,https://biblicomentarios.com/wp-content/uploads/2023/08/antiguo-testamento.png,0
1471100,1471105,https://biblicomentarios.com/wp-content/uploads/2023/08/669268d7-0bab-45ff-978a-88bac555a2a9.jpg,1
1471092,1471096,https://biblicomentarios.com/wp-content/uploads/2023/08/7245470.jpg,1
1471086,1471089,https://biblicomentarios.com/wp-content/uploads/2023/08/5655424.jpg,1
1471070,1471072,https://biblicomentarios.com/wp-content/uploads/2023/08/evangelio-mateo.jpg,1
1471067,1471076,https://biblicomentarios.com/wp-content/uploads/2023/08/54edf683-9881-477e-bc58-ef356c0baf35.jpg,1
1471060,1471062,https://biblicomentarios.com/wp-content/uploads/2023/08/evangelio-tomas.png,1
1471051,1471057,https://biblicomentarios.com/wp-content/uploads/2023/08/rahab-salmon.jpg,0
1471051,1471058,https://biblicomentarios.com/wp-content/uploads/2023/08/C5KH2HcWQAAcpzU1.jpg,1
1471041,1471044,https://biblicomentarios.com/wp-content/uploads/2023/08/1280px-Portail_du_Centre_RCO_de_Caux_Suisse1.jpg,1
1471012,1471013,https://biblicomentarios.com/wp-content/uploads/2023/08/cover-scaled.jpg,1
1470502,1470505,https://biblicomentarios.com/wp-content/uploads/2023/08/estructura-general-del-libro-de-hechos-en-la-biblia.png,0
1470502,1470506,https://biblicomentarios.com/wp-content/uploads/2023/08/ESTRUCTURA-ORGANIZACIONAL-BIZNEO-810x4551-1.jpg,1
1470491,1470495,https://biblicomentarios.com/wp-content/uploads/2023/08/images-16.jpeg,1
1470491,1470497,https://biblicomentarios.com/wp-content/uploads/2023/08/el-rey-asuero-y-la-correlacion-entre-los-libros-biblicos-de-ester-y-esdras.png,0
1470484,1470485,https://biblicomentarios.com/wp-content/uploads/2023/08/Arphaxad.jpg,1
1470467,1470469,https://biblicomentarios.com/wp-content/uploads/2023/07/origenes-e-historia-del-estanque-de-siloe.jpg,1
1470464,1470466,https://biblicomentarios.com/wp-content/uploads/2023/07/la-dinastia-de-los-asmoneos-su-origen-e-historia-en-el-periodo-intertestamentario.webp,1
1470459,1470461,https://biblicomentarios.com/wp-content/uploads/2023/07/que-era-el-palacio-de-los-asmoneos-en-jerusalen.png,1
1470459,1470462,https://biblicomentarios.com/wp-content/uploads/2023/07/image-21.png,0
1469532,1471027,https://biblicomentarios.com/wp-content/uploads/2023/08/el-dia-del-padre-origen-historia-significado-y-celebracion-internacional.jpg,1
1469530,1471030,https://biblicomentarios.com/wp-content/uploads/2023/08/el-dia-del-trabajo-origen-historia-significado-y-celebracion-global.jpg,1
1469529,1471025,https://biblicomentarios.com/wp-content/uploads/2023/08/el-dia-de-la-mujer-origen-historia-significado-y-celebracion.jpg,1
1469512,1469516,https://biblicomentarios.com/wp-content/uploads/2023/07/el-calculo-de-la-fecha-de-la-semana-santa-su-variabilidad-y-trasfondo-historico.png,1
1469494,1469499,https://biblicomentarios.com/wp-content/uploads/2023/07/el-rol-de-africa-en-la-biblia-un-analisis-profundo.jpg,1
1469493,1469505,https://biblicomentarios.com/wp-content/uploads/2023/07/el-origen-y-significado-del-nombre-del-mar-muerto.jpg,1
1469492,1469502,https://biblicomentarios.com/wp-content/uploads/2023/07/el-enigma-de-la-ubicacion-de-sodoma-y-gomorra.jpg,1
1469491,1469496,https://biblicomentarios.com/wp-content/uploads/2023/07/el-doble-muro-de-jerico-un-analisis-detallado-de-su-arquitectura.jpg,1
1467292,1467294,https://biblicomentarios.com/wp-content/uploads/2023/07/que-era-el-sanedrin-y-como-estaba-compuesto.jpg,1
1467284,1467286,https://biblicomentarios.com/wp-content/uploads/2023/07/los-tres-miembros-del-sanedrin-que-apoyaron-a-jesus-y-a-los-apostoles.jpg,1
1467196,1471412,https://biblicomentarios.com/wp-content/uploads/2023/08/1827296.jpg,1
1467102,1473003,https://biblicomentarios.com/wp-content/uploads/2023/09/2614952.jpg,1
1467102,1473004,https://biblicomentarios.com/wp-content/uploads/2023/09/1922567.jpg,0
1467102,1473005,https://biblicomentarios.com/wp-content/uploads/2023/09/1922565.jpg,0
1467102,1473006,https://biblicomentarios.com/wp-content/uploads/2023/09/3905675.jpg,0
1467088,1467093,https://biblicomentarios.com/wp-content/uploads/2023/07/descubriendo-la-belleza-historica-y-cultural-de-samaria.jpg,1
1467083,1467085,https://biblicomentarios.com/wp-content/uploads/2023/07/cesarea-de-filipo-un-viaje-a-la-historia-y-la-cultura-en-el-norte-de-israel.jpg,1
1467079,1467081,https://biblicomentarios.com/wp-content/uploads/2023/07/cesarea-maritima-una-joya-historica-en-la-costa-de-israel-scaled.jpg,1
1465524,1465707,https://biblicomentarios.com/wp-content/uploads/2023/07/image-3.png,0
1465524,1465716,https://biblicomentarios.com/wp-content/uploads/2023/07/descubriendo-la-historia-y-el-misterio-de-arimatea.jpg,1
1461206,1461209,https://biblicomentarios.com/wp-content/uploads/2023/07/la-gehena-y-el-campo-de-sangre-en-que-murio-judas-iscariote.jpg,1
1461135,1461138,https://biblicomentarios.com/wp-content/uploads/2023/07/las-diferentes-teorias-sobre-las-causas-del-incendio-de-roma.jpg,1
1461130,1461132,https://biblicomentarios.com/wp-content/uploads/2023/07/biografia-de-neron-el-primer-emperador-que-persiguio-al-cristianismo-scaled.jpg,1
1461124,1461126,https://biblicomentarios.com/wp-content/uploads/2023/07/image.png,0
1461124,1461127,https://biblicomentarios.com/wp-content/uploads/2023/07/como-era-la-prision-de-la-isla-de-patmos.jpg,1
1461117,1461119,https://biblicomentarios.com/wp-content/uploads/2023/07/el-contenido-del-edicto-de-domiciano-contra-los-cristianos-scaled.jpg,1
1461112,1461114,https://biblicomentarios.com/wp-content/uploads/2023/07/la-persecucion-de-domiciano-la-segunda-gran-persecucion-a-los-cristianos-en-el-imperio-romano-scaled.jpg,1
1461106,1461108,https://biblicomentarios.com/wp-content/uploads/2023/07/la-persecucion-de-diocleciano-la-gran-persecucion-de-los-cristianos-por-el-imperio-romano.jpg,1
1461100,1461102,https://biblicomentarios.com/wp-content/uploads/2023/07/la-historia-de-neron-y-su-relacion-con-el-cristianismo-scaled.jpg,1
1461055,1461057,https://biblicomentarios.com/wp-content/uploads/2023/06/el-significado-del-nombre-de-abigail-en-la-biblia-jpg.webp,1
1461039,1461042,https://biblicomentarios.com/wp-content/uploads/2023/06/la-asombrosa-relacion-de-mesopotamia-con-la-biblia-jpg.webp,0
1461001,1461004,https://biblicomentarios.com/wp-content/uploads/2023/06/que-es-el-libro-apocrifo-la-oracion-de-manases-jpg.webp,1
1460966,1460969,https://biblicomentarios.com/wp-content/uploads/2023/06/el-origen-desarrollo-e-historia-de-palestina-jpg.webp,1
1460951,1460954,https://biblicomentarios.com/wp-content/uploads/2023/06/quienes-fueron-los-seleucidas-y-su-impacto-en-la-historia-de-israel.jpg,0
1460951,1460959,https://biblicomentarios.com/wp-content/uploads/2023/06/quienes-fueron-los-seleucidas-y-su-impacto-en-la-historia-de-israel-1.jpg,0
1460951,1460963,https://biblicomentarios.com/wp-content/uploads/2023/06/Imperio-Seleucida1-jpg.webp,1
1460941,1460944,https://biblicomentarios.com/wp-content/uploads/2023/06/la-increible-relacion-de-alejandro-magno-con-la-biblia-jpg.webp,1
1384612,1384615,https://biblicomentarios.com/wp-content/uploads/2023/06/que-podemos-pensar-sobre-el-libro-de-urantia-jpg.webp,1
1384605,1384608,https://biblicomentarios.com/wp-content/uploads/2023/06/el-extrano-mito-de-la-reina-semiramis-jpg.webp,1
1384597,1384600,https://biblicomentarios.com/wp-content/uploads/2023/06/5-teorias-sobre-el-origen-de-los-jardines-colgantes-de-babilonia-jpg.webp,1
1384590,1384593,https://biblicomentarios.com/wp-content/uploads/2023/06/como-era-la-puerta-de-ishtar-originalmente-jpg.webp,1
1384582,1384585,https://biblicomentarios.com/wp-content/uploads/2023/06/que-es-lo-que-distingue-a-las-biblias-catolicas-de-las-biblias-protestantes-jpg.webp,1
1384575,1384578,https://biblicomentarios.com/wp-content/uploads/2023/06/que-es-un-colofon-y-como-se-usa-en-la-biblia-y-en-la-literatura-jpg.webp,1
1384568,1384571,https://biblicomentarios.com/wp-content/uploads/2023/06/que-es-el-imprimatur-y-su-relacion-con-la-biblia-catolica-jpg.webp,1
1368058,1368062,https://biblicomentarios.com/wp-content/uploads/2023/06/que-son-los-testigos-de-jehova-y-su-papel-en-la-historia-del-cristianismo-jpg.webp,1
1368051,1368054,https://biblicomentarios.com/wp-content/uploads/2023/06/historia-y-biografia-de-charles-taze-russell-jpg.webp,1
1368044,1368047,https://biblicomentarios.com/wp-content/uploads/2023/06/que-es-la-watchtower-bible-and-tract-society-jpg.webp,1
1368035,1368039,https://biblicomentarios.com/wp-content/uploads/2023/06/que-es-la-traduccion-del-nuevo-mundo-de-la-biblia-y-cual-es-su-valor-jpg.webp,1
1368026,1368029,https://biblicomentarios.com/wp-content/uploads/2023/06/que-son-las-pericopas-y-como-se-utilizan-en-el-estudio-de-las-escrituras-jpg.webp,1
1368019,1368022,https://biblicomentarios.com/wp-content/uploads/2023/06/las-diez-tribus-perdidas-y-por-que-estan-perdidas-jpg.webp,1
1262559,1262563,https://biblicomentarios.com/wp-content/uploads/2023/06/que-es-el-reino-dividido-en-la-historia-de-israel-y-en-la-biblia.png,1
1262548,1262551,https://biblicomentarios.com/wp-content/uploads/2023/06/que-es-el-reino-unido-en-la-historia-de-israel-y-en-la-biblia.png,1
1262541,1262544,https://biblicomentarios.com/wp-content/uploads/2023/06/que-es-la-iglesia-primitiva-o-el-cristianismo-primitivo-jpg.webp,1
1262534,1262537,https://biblicomentarios.com/wp-content/uploads/2023/06/la-descendencia-de-jafet-y-su-relacion-con-la-biblia-jpg.webp,1
1262527,1262530,https://biblicomentarios.com/wp-content/uploads/2023/06/la-descendencia-de-sem-y-su-relacion-con-la-biblia-jpg.webp,1
1219455,1219458,https://biblicomentarios.com/wp-content/uploads/2023/06/la-descendencia-de-cam-y-su-relacion-con-la-biblia-jpg.webp,0
1219455,1222460,https://biblicomentarios.com/wp-content/uploads/2023/06/32022201244187051-jpg.webp,1
1057613,1057616,https://biblicomentarios.com/wp-content/uploads/2023/06/biografia-del-rey-david-de-la-biblia-el-maximo-rey-de-israel-jpg.webp,1
1050577,1050579,https://biblicomentarios.com/wp-content/uploads/2023/06/biografia-del-rey-saul-de-la-biblia-primer-rey-de-israel-jpg.webp,1
1050570,1050572,https://biblicomentarios.com/wp-content/uploads/2023/06/quien-fue-la-reina-de-saba.jpg,1
1050562,1050564,https://biblicomentarios.com/wp-content/uploads/2023/06/biografia-del-rey-salomon-en-la-biblia.jpg,0
1050559,1050561,https://biblicomentarios.com/wp-content/uploads/2023/06/que-son-los-libros-de-los-macabeos-y-su-valor-en-la-historia-de-israel-jpg.webp,1
1050555,1050557,https://biblicomentarios.com/wp-content/uploads/2023/06/biografia-del-rey-antioco-iv-epifanes-y-su-influencia-en-la-historia-jpg.webp,1
1050551,1050553,https://biblicomentarios.com/wp-content/uploads/2023/06/la-revuelta-de-los-macabeos-y-su-relacion-con-la-biblia-y-con-la-historia-de-israel-jpg.webp,1
123786,123793,https://biblicomentarios.com/wp-content/uploads/2023/06/la-ciudad-1-jpg.webp,0
123786,123796,https://biblicomentarios.com/wp-content/uploads/2023/06/la-ciudad-2-jpg.webp,1
123531,123537,https://biblicomentarios.com/wp-content/uploads/2023/06/rio-jordan-jpg.webp,0
123529,123541,https://biblicomentarios.com/wp-content/uploads/2023/06/mar-rojo-jpg.webp,1
123528,123535,https://biblicomentarios.com/wp-content/uploads/2023/06/nombre-egipto-scaled.webp,1
123527,123533,https://biblicomentarios.com/wp-content/uploads/2023/06/monte-sinai-jpg.webp,0
123501,123509,https://biblicomentarios.com/wp-content/uploads/2023/06/ladera-monte-scaled.webp,1
123500,123503,https://biblicomentarios.com/wp-content/uploads/2023/06/atenas-ciudad-jpg.webp,1
123499,123511,https://biblicomentarios.com/wp-content/uploads/2023/06/tesalonica-ciudad-scaled.webp,1
123498,123507,https://biblicomentarios.com/wp-content/uploads/2023/06/desierto-sin-jpg.webp,1
123497,123505,https://biblicomentarios.com/wp-content/uploads/2023/06/la-ciudad-jpg.webp,1
123488,123490,https://biblicomentarios.com/wp-content/uploads/2023/06/reino-israel-jpg.webp,0
123488,123492,https://biblicomentarios.com/wp-content/uploads/2023/06/reino-israel-1-jpg.webp,1
123479,123482,https://biblicomentarios.com/wp-content/uploads/2023/06/miercoles-ceniza-jpg.webp,1
123478,123485,https://biblicomentarios.com/wp-content/uploads/2023/06/asuncion-maria-scaled.webp,1
123467,123475,https://biblicomentarios.com/wp-content/uploads/2023/06/nombre-rebeca-jpg.webp,1
123466,123473,https://biblicomentarios.com/wp-content/uploads/2023/06/nombre-lucas-scaled.webp,1
123465,123469,https://biblicomentarios.com/wp-content/uploads/2023/06/galeria-heroes-jpg.webp,1
123405,123459,https://biblicomentarios.com/wp-content/uploads/2023/06/como-se-relaciona-la-historia-de-noe-y-el-diluvio-con-otras-culturas-antiguas.gif,1
123402,123458,https://biblicomentarios.com/wp-content/uploads/2023/06/como-se-interpretan-los-6-dias-de-la-creacion-en-genesis-1-jpg.webp,1
123244,123245,https://biblicomentarios.com/wp-content/uploads/2023/06/cover-15-scaled.webp,1
123242,123243,https://biblicomentarios.com/wp-content/uploads/2023/06/cover-14-scaled.webp,1
123240,123241,https://biblicomentarios.com/wp-content/uploads/2023/06/cover-13-scaled.webp,1
123238,123239,https://biblicomentarios.com/wp-content/uploads/2023/06/cover-12-scaled-e1686770542898.webp,1
123236,123237,https://biblicomentarios.com/wp-content/uploads/2023/06/cover-11-scaled.webp,1
123228,123229,https://biblicomentarios.com/wp-content/uploads/2023/06/cover-10-scaled.webp,1
123219,123220,https://biblicomentarios.com/wp-content/uploads/2023/06/cover-9-scaled.webp,1
123210,123211,https://biblicomentarios.com/wp-content/uploads/2023/06/cover-8-scaled.webp,1
123202,123203,https://biblicomentarios.com/wp-content/uploads/2023/06/cover-7-scaled.webp,1
123194,123195,https://biblicomentarios.com/wp-content/uploads/2023/06/cover-6-scaled.webp,1
123192,123193,https://biblicomentarios.com/wp-content/uploads/2023/06/cover-5-scaled.webp,1
123149,123150,https://biblicomentarios.com/wp-content/uploads/2023/06/cover-4-scaled-webp.webp,1
123145,123146,https://biblicomentarios.com/wp-content/uploads/2023/06/cover-3-scaled-webp.webp,1
123142,123143,https://biblicomentarios.com/wp-content/uploads/2023/06/cover-2-scaled-webp.webp,1
123139,123140,https://biblicomentarios.com/wp-content/uploads/2023/06/cover-1-scaled-webp.webp,1
123136,123137,https://biblicomentarios.com/wp-content/uploads/2023/06/cover-scaled-webp.webp,1
123118,123119,https://biblicomentarios.com/wp-content/uploads/2023/05/cover-scaled-webp.webp,0
123118,123517,https://biblicomentarios.com/wp-content/uploads/2023/06/san-valentin-scaled.webp,1
122962,122963,https://biblicomentarios.com/wp-content/uploads/2023/03/image_search_1677866293666.jpg,0
122962,122964,https://biblicomentarios.com/wp-content/uploads/2023/03/El-rey-David-inicia-la-construccion-del-templo.jpg,0
122962,122965,https://biblicomentarios.com/wp-content/uploads/2023/03/image_search_1677867540869.jpg,0
122962,122966,https://biblicomentarios.com/wp-content/uploads/2023/03/Los-judios-exiliados-en-Babilonia-regresan-a-Jerusalen.jpg,0
122962,122967,https://biblicomentarios.com/wp-content/uploads/2023/03/Los-judios-reconstruyen-el-templo-de-Jerusalen.jpg,0
122962,122968,https://biblicomentarios.com/wp-content/uploads/2023/03/Antioco-Epifanes-profana-el-templo-de-Jerusalen..jpg,0
122962,122969,https://biblicomentarios.com/wp-content/uploads/2023/03/Los-macabeos-se-rebelaron-contra-Antioco-Epifanes.jpg,0
122962,122970,https://biblicomentarios.com/wp-content/uploads/2023/03/Menorah-de-9-brazos-para-Hanukah.jpg,0
122962,122971,https://biblicomentarios.com/wp-content/uploads/2023/03/Herodes-el-Grande.webp,0
122962,122972,https://biblicomentarios.com/wp-content/uploads/2023/03/Vista-aerea-del-templo-de-Herodes-jpg-webp.webp,1
122962,122973,https://biblicomentarios.com/wp-content/uploads/2023/03/Ubicacion-del-templo-de-Herodes-en-Jerusalen-mapa.png,0
122962,122974,https://biblicomentarios.com/wp-content/uploads/2023/03/Diagrama-numerado-del-templo-de-Herodes.png,0
122962,122975,https://biblicomentarios.com/wp-content/uploads/2023/03/Diagrama-detallado-del-templo-de-Herodes.png,0
122962,122976,https://biblicomentarios.com/wp-content/uploads/2023/03/Diagrama-de-los-atrios-del-templo-de-Herodes.png,0
122962,122977,https://biblicomentarios.com/wp-content/uploads/2023/03/Diagrama-del-templo-de-Herodes-comparado-con-un-campo-de-futbol.png,0
122962,122978,https://biblicomentarios.com/wp-content/uploads/2023/03/Diagrama-3D-del-templo-de-Herodes.png,0
122962,122979,https://biblicomentarios.com/wp-content/uploads/2023/03/Columnata-del-templo-de-Herodes.png,0
122962,122980,https://biblicomentarios.com/wp-content/uploads/2023/03/Diagrama-del-Lugar-Santo-y-Lugar-Santisimo-templo-de-Herodes.png,0
122962,122981,https://biblicomentarios.com/wp-content/uploads/2023/03/Templo-de-Herodes-ilustracion-vista-aerea.png,0
122962,122982,https://biblicomentarios.com/wp-content/uploads/2023/03/Templo-de-Herodes-maqueta.png,0
122962,122983,https://biblicomentarios.com/wp-content/uploads/2023/03/Templo-de-Herodes-Palacio-de-Herodes-Fortaleza-Antonia.png,0
122962,122984,https://biblicomentarios.com/wp-content/uploads/2023/03/Arco-de-tito.png,0
122962,122985,https://biblicomentarios.com/wp-content/uploads/2023/03/Arco-de-Tito-close-up.png,0
122962,122986,https://biblicomentarios.com/wp-content/uploads/2023/03/Relieve-Arco-de-tito-1.png,0
122962,122987,https://biblicomentarios.com/wp-content/uploads/2023/03/Relieve-Arco-de-Tito-2.png,0
122962,122988,https://biblicomentarios.com/wp-content/uploads/2023/03/Relieve-Arco-de-Tito-3.png,0
122962,123060,https://biblicomentarios.com/wp-content/uploads/2023/03/image-2.png,0
122809,122810,https://biblicomentarios.com/wp-content/uploads/2022/12/003249c31e154c754bbaf582a9cd6f631-jpg-webp.webp,1
122792,122793,https://biblicomentarios.com/wp-content/uploads/2022/10/Templo-de-Jupiter-en-Damasco.png,1
122548,122549,https://biblicomentarios.com/wp-content/uploads/2022/02/heteos.jpg,1
122523,122524,https://biblicomentarios.com/wp-content/uploads/2022/01/pexels-photo-109014671.jpeg,1
122520,122521,https://biblicomentarios.com/wp-content/uploads/2022/01/pexels-photo-7452421.jpeg,1
122508,122509,https://biblicomentarios.com/wp-content/uploads/2022/01/image.png,0
122508,122510,https://biblicomentarios.com/wp-content/uploads/2022/01/lehi-altar1-jpg-webp.webp,1
122504,122505,https://biblicomentarios.com/wp-content/uploads/2022/01/Patras_2008_view1-scaled-jpg-webp.webp,1
122480,122481,https://biblicomentarios.com/wp-content/uploads/2022/01/LamechKillingCain1.jpg,1
122477,122478,https://biblicomentarios.com/wp-content/uploads/2022/01/image_search_1642079654096.jpg,1
122460,122461,https://biblicomentarios.com/wp-content/uploads/2022/01/Monte-Ararat.png,1
122457,122458,https://biblicomentarios.com/wp-content/uploads/2022/01/25266-ecclesiastes-wide.1200w.tn_-752x4401-1-jpg-webp.webp,1
122448,122449,https://biblicomentarios.com/wp-content/uploads/2022/01/libro-de-proverbios1.jpg,1
122364,122368,https://biblicomentarios.com/wp-content/uploads/2022/01/bernabe.jpg,1
122355,122356,https://biblicomentarios.com/wp-content/uploads/2022/01/maxresdefault1.jpg,1
122319,122320,https://biblicomentarios.com/wp-content/uploads/2022/01/psalms1-jpg.webp,1
122316,122317,https://biblicomentarios.com/wp-content/uploads/2022/01/12350-sparrowstockjob2-jpg.webp,1
122313,122314,https://biblicomentarios.com/wp-content/uploads/2022/01/Book-of-Chronicles1.jpg,1
122310,122311,https://biblicomentarios.com/wp-content/uploads/2022/01/58853-10807840184_2153848865_o.800w.tn1_.jpg,1
122282,122287,https://biblicomentarios.com/wp-content/uploads/2022/01/nehemias1.jpg,0
122276,122277,https://biblicomentarios.com/wp-content/uploads/2022/01/0c885-reconstrucciontemplo1.jpg,1
122241,122242,https://biblicomentarios.com/wp-content/uploads/2022/01/image_search_1641215245509.jpg,1
122238,122239,https://biblicomentarios.com/wp-content/uploads/2022/01/image_search_1641210610390-scaled-jpg.webp,1
122235,122236,https://biblicomentarios.com/wp-content/uploads/2022/01/image_search_1641205920678-jpg.webp,1
122231,122232,https://biblicomentarios.com/wp-content/uploads/2022/01/image_search_1641200486339.jpg,1
122228,122229,https://biblicomentarios.com/wp-content/uploads/2022/01/cristo-y-satanas-21-jpg.webp,1
122225,122226,https://biblicomentarios.com/wp-content/uploads/2022/01/pexels-photo-24691221.jpeg,1
121583,121584,https://biblicomentarios.com/wp-content/uploads/2021/12/20211217_045745_0000.png,0
121583,121585,https://biblicomentarios.com/wp-content/uploads/2021/12/20211217_045745_0000-1.png,0
121583,121586,https://biblicomentarios.com/wp-content/uploads/2021/12/png_20211217_051950_0000.png,1
121578,121581,https://biblicomentarios.com/wp-content/uploads/2021/12/image_search_1639733740492.jpg,1
121566,121567,https://biblicomentarios.com/wp-content/uploads/2021/12/Elijah-Ahab-_-Jezebel-by-Thomas-Matthews-Rook-1899_-public-domain-930x5201-1.webp,0
121566,121571,https://biblicomentarios.com/wp-content/uploads/2021/12/jezebel1.webp,1
121563,121564,https://biblicomentarios.com/wp-content/uploads/2021/12/melkart1-jpg.webp,1
121560,121561,https://biblicomentarios.com/wp-content/uploads/2021/12/jeroboam1.jpg,1
121556,121557,https://biblicomentarios.com/wp-content/uploads/2021/11/pexels-photo-102606281.jpeg,1
121552,121553,https://biblicomentarios.com/wp-content/uploads/2021/11/Selah.png,1
121544,121545,https://biblicomentarios.com/wp-content/uploads/2021/11/24235031462_b6967be9ca_b1.jpg,1
121521,121522,https://biblicomentarios.com/wp-content/uploads/2021/11/image-2.png,0
121521,121523,https://biblicomentarios.com/wp-content/uploads/2021/11/image-3.png,0
121521,121524,https://biblicomentarios.com/wp-content/uploads/2021/11/image-4.png,0
121521,121525,https://biblicomentarios.com/wp-content/uploads/2021/11/Rahabs-Window-slider1.jpg,1
121498,121499,https://biblicomentarios.com/wp-content/uploads/2021/11/2019011411-jpg.webp,1
121491,121492,https://biblicomentarios.com/wp-content/uploads/2021/11/image.png,0
121491,121493,https://biblicomentarios.com/wp-content/uploads/2021/11/image-1.png,0
121491,121494,https://biblicomentarios.com/wp-content/uploads/2021/11/El-libro-de-Abdias-en-el-Antiguo-Testamento-scaled-jpg.webp,1
121488,121489,https://biblicomentarios.com/wp-content/uploads/2021/11/El-profeta-Abdias-scaled-jpg.webp,1
121462,121463,https://biblicomentarios.com/wp-content/uploads/2021/10/image-5.png,0
121462,121465,https://biblicomentarios.com/wp-content/uploads/2021/10/bautismo1-jpg.webp,1
121454,121455,https://biblicomentarios.com/wp-content/uploads/2021/10/ciclo-de-vida1.png,1
121454,121456,https://biblicomentarios.com/wp-content/uploads/2021/10/image-2.png,0
121454,121457,https://biblicomentarios.com/wp-content/uploads/2021/10/image-3.png,0
121454,121458,https://biblicomentarios.com/wp-content/uploads/2021/10/image-4.png,0
121450,121451,https://biblicomentarios.com/wp-content/uploads/2021/10/image-1.png,0
121450,121452,https://biblicomentarios.com/wp-content/uploads/2021/10/pexels-photo-15005231-jpeg.webp,1
121440,121441,https://biblicomentarios.com/wp-content/uploads/2021/10/image.png,0
121440,121442,https://biblicomentarios.com/wp-content/uploads/2021/10/3KMIGXUUAEPN5QMF32CXLN5LJU1-jpg.webp,1
121402,121406,https://biblicomentarios.com/wp-content/uploads/2021/10/1024px-Pendon_en_Dehesa_de_Cuellar1.jpg,1
121392,121393,https://biblicomentarios.com/wp-content/uploads/2021/10/lector1-jpg.webp,1
121263,121264,https://biblicomentarios.com/wp-content/uploads/2021/08/image_search_1629108613482.jpg,1
121249,121251,https://biblicomentarios.com/wp-content/uploads/2021/08/crop-person-turning-door-handle-while-entering-house-stockpack-pexels-scaled-jpg.webp,1
121236,121237,https://biblicomentarios.com/wp-content/uploads/2021/08/418bllBpuaL._SX341_BO1204203200_1-jpg.webp,1
121232,121233,https://biblicomentarios.com/wp-content/uploads/2021/08/pexels-media-1438404-jpeg.webp,1
121228,121229,https://biblicomentarios.com/wp-content/uploads/2021/08/pexels-media-1210273-jpeg.webp,1
121222,121223,https://biblicomentarios.com/wp-content/uploads/2021/08/1200px-Hebron_old_city_00231.jpg,1
121218,121219,https://biblicomentarios.com/wp-content/uploads/2021/08/image_search_1628939641384-jpg.webp,1
121189,121190,https://biblicomentarios.com/wp-content/uploads/2021/08/la-profecia-de-abraham-cumplida-en-moises.jpg,1
121184,121185,https://biblicomentarios.com/wp-content/uploads/2021/08/photo-of-dessert-during-dawn-stockpack-pexels-scaled-jpg.webp,1
121164,121167,https://biblicomentarios.com/wp-content/uploads/2021/08/pexels-media-2359-jpeg.webp,1
121136,121140,https://biblicomentarios.com/wp-content/uploads/2021/08/image_search_1628424394662.jpg,1
121129,121130,https://biblicomentarios.com/wp-content/uploads/2021/08/image_search_1628342281802.jpg,1
121088,121089,https://biblicomentarios.com/wp-content/uploads/2021/07/image_search_1627216609552-jpg.webp,1
121085,121086,https://biblicomentarios.com/wp-content/uploads/2021/07/pexels-photo-6077797-jpeg.webp,1
121080,121083,https://biblicomentarios.com/wp-content/uploads/2021/07/pexels-photo-4215113.jpeg,1
121074,121075,https://biblicomentarios.com/wp-content/uploads/2021/07/pexels-photo-2249961-jpeg.webp,1
121071,121072,https://biblicomentarios.com/wp-content/uploads/2021/07/pexels-photo-844297-jpeg.webp,1
121061,121062,https://biblicomentarios.com/wp-content/uploads/2021/07/image_search_1626987058370.png,1
121057,121058,https://biblicomentarios.com/wp-content/uploads/2021/07/image_search_1626980732425-scaled-jpg.webp,1
121053,121055,https://biblicomentarios.com/wp-content/uploads/2021/07/image_search_1626924396393.jpg,1
121049,121050,https://biblicomentarios.com/wp-content/uploads/2021/07/pexels-photo-7036539-jpeg.webp,1
121045,121046,https://biblicomentarios.com/wp-content/uploads/2021/07/pexels-photo-6753158-jpeg.webp,1
121041,121042,https://biblicomentarios.com/wp-content/uploads/2021/07/pexels-photo-167699-jpeg.webp,1
121037,121039,https://biblicomentarios.com/wp-content/uploads/2021/07/pexels-photo-8472010-jpeg.webp,1
121003,121004,https://biblicomentarios.com/wp-content/uploads/2021/07/poetry-album-poetry-album-stockpack-pixabay-scaled-jpg.webp,1
121000,121001,https://biblicomentarios.com/wp-content/uploads/2021/07/simeon_carter_church_history1-jpeg.webp,1
120992,120995,https://biblicomentarios.com/wp-content/uploads/2021/07/Nauvoo-Sunset1-jpg.webp,1
120963,120964,https://biblicomentarios.com/wp-content/uploads/2021/07/image_search_1626354539502.jpg,1
120959,120960,https://biblicomentarios.com/wp-content/uploads/2021/07/image_search_1626346164766-jpg.webp,1
120937,120938,https://biblicomentarios.com/wp-content/uploads/2021/07/reflection-in-water-ripples-stockpack-adobe-stock-jpg.webp,1
120931,120935,https://biblicomentarios.com/wp-content/uploads/2021/07/beach-sea-sunset-stockpack-pixabay.jpg,1
120925,120926,https://biblicomentarios.com/wp-content/uploads/2021/07/father-working-from-home-on-laptop-during-quarantine-little-child-girl-make-noise-and-distracts-father-from-work-on-the-kitchen-office-stockpack-adobe-stock-jpg.webp,1
120917,120918,https://biblicomentarios.com/wp-content/uploads/2021/07/teddy-bear-hug-stockpack-adobe-stock.jpg,0
120917,120919,https://biblicomentarios.com/wp-content/uploads/2021/07/teddy-bear-hug-stockpack-adobe-stock-1.jpg,0
120917,120920,https://biblicomentarios.com/wp-content/uploads/2021/07/best-friends-teddy-bear-and-bunny-toy-sitting-on-brown-window-sill-hugging-each-other-and-looking-out-of-window-on-vintage-tone-love-family-and-friendship-background-stockpack-adobe-stock.jpg,0
120917,120921,https://biblicomentarios.com/wp-content/uploads/2021/07/best-friends-teddy-bear-and-bunny-toy-sitting-on-brown-window-sill-hugging-each-other-and-looking-out-of-window-on-vintage-tone-love-family-and-friendship-background-stockpack-adobe-stock-1-jpg.webp,1
120910,120911,https://biblicomentarios.com/wp-content/uploads/2021/07/time-to-be-happy-happiness-concept-stockpack-adobe-stock.jpg,0
120910,120912,https://biblicomentarios.com/wp-content/uploads/2021/07/mood-stockpack-adobe-stock-jpg.webp,1
120905,120907,https://biblicomentarios.com/wp-content/uploads/2021/07/young-woman-in-wheelchair-outdoors-stockpack-adobe-stock.jpg,1
120719,120794,https://biblicomentarios.com/wp-content/uploads/2021/07/ESTRUCTURA-ORGANIZACIONAL-BIZNEO-810x4551-1-jpg.webp,1
120703,120704,https://biblicomentarios.com/wp-content/uploads/2021/07/madre-aconsejando-a-su-hija-jpg.webp,1
120694,120695,https://biblicomentarios.com/wp-content/uploads/2021/07/brighams_dream_glen_hopkinson1.png,1
120532,120533,https://biblicomentarios.com/wp-content/uploads/2021/07/ogden_temple_font_baptistry1.jpeg,1
120526,120527,https://biblicomentarios.com/wp-content/uploads/2021/07/Planeando-vacaciones-scaled-jpg.webp,1
120520,120521,https://biblicomentarios.com/wp-content/uploads/2021/07/Teleconferencia-familiar-programa-Ven-Sigueme-scaled-jpg.webp,1
120061,120062,https://biblicomentarios.com/wp-content/uploads/2021/07/pic151-jpg.webp,1
119871,119873,https://biblicomentarios.com/wp-content/uploads/2021/06/basic-principles1-jpg.webp,1
119871,119882,https://biblicomentarios.com/wp-content/uploads/2021/06/russell_nelson_official_portrait_20181.jpeg,0
118168,118169,https://biblicomentarios.com/wp-content/uploads/2021/06/Abigail-esposa-del-rey-David-scaled-jpg.webp,1
118168,118172,https://biblicomentarios.com/wp-content/uploads/2021/06/image-12.png,0
118168,118173,https://biblicomentarios.com/wp-content/uploads/2021/06/image-13.png,0
118056,118057,https://biblicomentarios.com/wp-content/uploads/2021/06/03-Estructura-general-del-libro-de-Levitico1.jpg,1
118023,118026,https://biblicomentarios.com/wp-content/uploads/2021/06/Contacto-scaled-jpg.webp,1
117918,117946,https://biblicomentarios.com/wp-content/uploads/2021/06/la-esposa-de-Cain-scaled-jpg.webp,1
117916,117982,https://biblicomentarios.com/wp-content/uploads/2021/06/big-c0028d755da3df7d7160a6015869431d1.jpg,0
117915,117986,https://biblicomentarios.com/wp-content/uploads/2021/06/slide_1311.jpg,1
117912,117993,https://biblicomentarios.com/wp-content/uploads/2021/06/image1.jpg,1
117910,118492,https://biblicomentarios.com/wp-content/uploads/2021/06/WhitneyOF_all1.jpg,0
117907,117936,https://biblicomentarios.com/wp-content/uploads/2021/06/maxresdefault1-1.jpg,1
117907,118275,https://biblicomentarios.com/wp-content/uploads/2021/06/Divisiones-del-tabernaculo-de-Moises1.png,0
117907,118278,https://biblicomentarios.com/wp-content/uploads/2021/06/Tabernaculo-11.png,0
117857,117880,https://biblicomentarios.com/wp-content/uploads/2021/06/Menfis1.jpg,1
117857,118562,https://biblicomentarios.com/wp-content/uploads/2021/06/image-14.png,0
117857,118563,https://biblicomentarios.com/wp-content/uploads/2021/06/image-15.png,0
117856,117876,https://biblicomentarios.com/wp-content/uploads/2021/06/los-padres-de-moises-fueron-guiados-por-revelacion.png,1
117856,118541,https://biblicomentarios.com/wp-content/uploads/2021/06/710px-Josephus1.jpg,0
117853,117885,https://biblicomentarios.com/wp-content/uploads/2021/06/La-necesidad-de-la-liberacion-de-Israel.jpg,1
117792,117793,https://biblicomentarios.com/wp-content/uploads/2021/06/rome-italy-temple-2160873-wallpaper1.jpg,1
117769,119900,https://biblicomentarios.com/wp-content/uploads/2021/06/Introduccion-del-evangelio-de-Mateo-scaled.jpg,1
117768,117998,https://biblicomentarios.com/wp-content/uploads/2021/06/abrahamvisitantesGenesis-18-2-Abraham_s-visitors1.jpg,1
117767,117989,https://biblicomentarios.com/wp-content/uploads/2021/06/nacio-jesus-en-la-tierra-de-jerusalen-scaled-jpg.webp,1
117766,117997,https://biblicomentarios.com/wp-content/uploads/2021/06/new-jerusalem1-jpg.webp,1
117765,118161,https://biblicomentarios.com/wp-content/uploads/2021/06/4eaaff8e04ec230741ff373e965ee1d61.jpg,1
117763,123070,https://biblicomentarios.com/wp-content/uploads/2021/06/holy-week.jpg,1
117762,117932,https://biblicomentarios.com/wp-content/uploads/2021/06/El-primer-censo-de-los-israelitas-en-el-libro-de-Numeros-scaled.jpg,1
117761,120404,https://biblicomentarios.com/wp-content/uploads/2021/06/8009-palm-sunday-article1.jpg,1
117757,122361,https://biblicomentarios.com/wp-content/uploads/2021/06/pexels-photo-2617631-jpeg-webp.webp,1
117755,118165,https://biblicomentarios.com/wp-content/uploads/2021/06/Por-que-fue-necesaria-la-expulsion-de-los-habitantes-de-Canaan-jpg.webp,1
117751,1469520,https://biblicomentarios.com/wp-content/uploads/2023/07/que-es-la-semana-santa-y-que-se-celebra-en-ella.jpg,1
117749,117949,https://biblicomentarios.com/wp-content/uploads/2021/06/la-relacion-entre-genesis-y-la-perla-de-gran-precio-scaled-jpg.webp,1
117749,117954,https://biblicomentarios.com/wp-content/uploads/2021/06/Relacion-entre-Genesis-Moises-y-Abraham-1.png,0
117749,117956,https://biblicomentarios.com/wp-content/uploads/2021/06/Relacion-entre-Genesis-Moises-y-Abraham-2.png,0
117749,117957,https://biblicomentarios.com/wp-content/uploads/2021/06/Relacion-entre-Genesis-Moises-y-Abraham-3.png,0
117748,118146,https://biblicomentarios.com/wp-content/uploads/2021/06/universe-sky-stars-stockpack-pixabay-scaled.jpg,1
117747,118159,https://biblicomentarios.com/wp-content/uploads/2021/06/Cuanto-duro-la-Creacion-de-la-Tierra-scaled-jpg.webp,1
117742,117961,https://biblicomentarios.com/wp-content/uploads/2021/06/710px-Cain_Henri_Vidal_Tuileries1-jpg.webp,1
1346,1347,https://biblicomentarios.com/wp-content/uploads/2021/06/3978f7b7462ed1824e0b83a206f766d311.jpg,1
1341,1342,https://biblicomentarios.com/wp-content/uploads/2021/06/from-disciple-simon-to-apostle-peter-an-amazing-transformation_111.jpg,1
1338,1339,https://biblicomentarios.com/wp-content/uploads/2021/06/propheticpast1-768x3841-1.jpg,1
1335,1336,https://biblicomentarios.com/wp-content/uploads/2021/06/woman-sky-sunlight-stockpack-pixabay-scaled-jpg.webp,1
1329,1330,https://biblicomentarios.com/wp-content/uploads/2021/06/lehi-prophesying-in-jerusalem-39638-print-768x5731-1.jpg,1
1323,1325,https://biblicomentarios.com/wp-content/uploads/2021/06/image-11.png,1
1317,1318,https://biblicomentarios.com/wp-content/uploads/2021/06/Caracteristicas-principales-de-1-Samuel-scaled-jpg.webp,1
1313,1315,https://biblicomentarios.com/wp-content/uploads/2021/06/caracteristicas-del-libro-de-rut-scaled-jpg.webp,1
1310,1311,https://biblicomentarios.com/wp-content/uploads/2021/06/caracteristicas-del-libro-de-jueces-scaled.jpg,1
1306,1307,https://biblicomentarios.com/wp-content/uploads/2021/06/6f1ac705d485987444660f44892d62ac1-scaled-jpg.webp,1
1302,1303,https://biblicomentarios.com/wp-content/uploads/2021/06/Politica-de-Privacidad-scaled.jpg,1
1297,1298,https://biblicomentarios.com/wp-content/uploads/2021/06/pyramid-sky-desert-stockpack-pixabay-scaled-jpg.webp,1
1291,1292,https://biblicomentarios.com/wp-content/uploads/2021/06/Caracteristicas-del-libro-de-Genesis-scaled-jpg.webp,1
1285,1286,https://biblicomentarios.com/wp-content/uploads/2021/06/502012484_univ_lsr_lg1.jpg,1
1280,1281,https://biblicomentarios.com/wp-content/uploads/2021/06/Caracteristicas-principales-del-libro-de-Numeros.jpg,1
1275,1276,https://biblicomentarios.com/wp-content/uploads/2021/06/pureza-santidad-al-senor-libro-de-levitico-scaled-jpg.webp,1
1272,1273,https://biblicomentarios.com/wp-content/uploads/2021/06/Deborah-et-Lappidoth1.jpg,1
1269,1270,https://biblicomentarios.com/wp-content/uploads/2021/06/711.jpg,1
1256,1257,https://biblicomentarios.com/wp-content/uploads/2021/06/image-5.png,0
1256,1258,https://biblicomentarios.com/wp-content/uploads/2021/06/image-6.png,1
1256,1259,https://biblicomentarios.com/wp-content/uploads/2021/06/image-7.png,0
1256,1260,https://biblicomentarios.com/wp-content/uploads/2021/06/image-8.png,0
1256,1261,https://biblicomentarios.com/wp-content/uploads/2021/06/image-9.png,0
1256,1262,https://biblicomentarios.com/wp-content/uploads/2021/06/image-10.png,0
1241,1242,https://biblicomentarios.com/wp-content/uploads/2021/06/enhanced-31332-1431627413-1111.jpg,1
1235,1236,https://biblicomentarios.com/wp-content/uploads/2021/06/balance_1488418259-768x6131-1-jpg.webp,1
1230,1231,https://biblicomentarios.com/wp-content/uploads/2021/06/the-voice-of-peter-james-and-john-linda-curley-christensen-14867271-768x4801-1-jpg.webp,1
1227,1228,https://biblicomentarios.com/wp-content/uploads/2021/06/sisters_1495795441-768x5121-1-jpg.webp,1
1224,1225,https://biblicomentarios.com/wp-content/uploads/2021/06/reino-de-Dios-en-la-tierra-evangelio-de-mateo-scaled-jpg.webp,1
1218,1219,https://biblicomentarios.com/wp-content/uploads/2021/06/lot_fleeing1-768x6411-1-jpg.webp,1
1215,1216,https://biblicomentarios.com/wp-content/uploads/2021/06/maxresdefault1-768x3841-1.jpg,1
1210,1211,https://biblicomentarios.com/wp-content/uploads/2021/06/El-bautismo-de-Jesucristo-fue-efectuado-por-Juan-el-Bautista-768x3791-1-jpg.webp,1
1207,1208,https://biblicomentarios.com/wp-content/uploads/2021/06/Las-parabolas-de-Jesus-como-recurso-didactico-768x5121-1.jpg,1
1204,1205,https://biblicomentarios.com/wp-content/uploads/2021/06/El-problema-sinoptico-el-documento-Q-y-los-SUD1.jpg,1
1199,1201,https://biblicomentarios.com/wp-content/uploads/2021/06/Biblia-scaled-jpg.webp,1
1196,1197,https://biblicomentarios.com/wp-content/uploads/2021/06/Book_of_Daniel_Chapter_6-1_Bible_Illustrations_by_Sweet_Media1-768x5641-1.jpg,1
1192,1194,https://biblicomentarios.com/wp-content/uploads/2021/06/GreatIAMbest339565_orig11.jpg,1
1192,118335,https://biblicomentarios.com/wp-content/uploads/2021/06/imagenes_de_jesus_yo_soy_el_buen_pastor11.jpg,0
1189,1190,https://biblicomentarios.com/wp-content/uploads/2021/06/jp-jpg.webp,1
1186,1187,https://biblicomentarios.com/wp-content/uploads/2021/06/citaseilustraciones_1_original-768x4031-1-jpg.webp,1
1183,1184,https://biblicomentarios.com/wp-content/uploads/2021/06/tropas-de-asalto-prepara-a-nuestros-hijos-para-las-batallas-de-la-vida-scaled-jpg.webp,1
1180,1181,https://biblicomentarios.com/wp-content/uploads/2021/06/backhoe_tearing_out_trees_temple_square1.png,1
1177,1178,https://biblicomentarios.com/wp-content/uploads/2021/06/Citas-del-evangelio.png,0
1168,1169,https://biblicomentarios.com/wp-content/uploads/2021/06/header1-768x2241-1-jpg.webp,1
1168,118332,https://biblicomentarios.com/wp-content/uploads/2021/06/aceite-de-olivo-para-la-uncion-de-los-enfermos-150x1501-1.jpg,0
1165,1166,https://biblicomentarios.com/wp-content/uploads/2021/06/memorizar-las-epistolas-universales-de-la-biblia-jpg.webp,1
1161,1162,https://biblicomentarios.com/wp-content/uploads/2021/06/sermon1-768x4191-1.jpg,1
1148,1149,https://biblicomentarios.com/wp-content/uploads/2021/06/el-evangelio-de-mateo-divide-la-genealogia-de-Jesus-en-grupos-de-catorce-scaled-jpg.webp,1
1148,118330,https://biblicomentarios.com/wp-content/uploads/2021/06/evangelio-de-mateo-genealogia-de-jesus-catorce_genealog-a-de-jesucristo-mateo-111-1.png,0
1145,1146,https://biblicomentarios.com/wp-content/uploads/2021/06/wiWe388172611.jpg,1
1142,1143,https://biblicomentarios.com/wp-content/uploads/2021/06/MaryMagdaleneatJesusTombbyRayDowning-768x5031-1.jpg,1
1138,1139,https://biblicomentarios.com/wp-content/uploads/2021/06/One-of-Many-cropped-768x3351-1.png,1
1132,1133,https://biblicomentarios.com/wp-content/uploads/2021/06/18561d4e04d60ba7bb471aea348fb2fb1-768x3331-1.jpeg,1
1083,1084,https://biblicomentarios.com/wp-content/uploads/2021/06/carpenters_son1-scaled.jpeg,1
1080,1081,https://biblicomentarios.com/wp-content/uploads/2021/06/Mosaic_Tribes11.jpg,1
1077,1078,https://biblicomentarios.com/wp-content/uploads/2021/06/Book-of-Mormon-Plates1-768x6171-1-jpg.webp,1
1074,1075,https://biblicomentarios.com/wp-content/uploads/2021/06/2f0ea3ad-3e23-4fd8-aec1-c04c243c8e00-vision1-768x5761-1.jpg,1
1071,1072,https://biblicomentarios.com/wp-content/uploads/2021/06/doce-apostoles1-jpg.webp,1
1071,1475397,https://biblicomentarios.com/wp-content/uploads/2024/01/nombres-de-los-doce-apostoles-de-jesus-en-cuatro-grupos-1.webp,0
1067,1068,https://biblicomentarios.com/wp-content/uploads/2021/06/the-transfiguration11.jpg,1
939,944,https://biblicomentarios.com/wp-content/uploads/2021/06/Listado-de-pasajes.jpg,0
939,120055,https://biblicomentarios.com/wp-content/uploads/2021/06/Manual-de-instituto-del-Antiguo-Testamento-Genesis-2-Samuel.jpg,0
901,902,https://biblicomentarios.com/wp-content/uploads/2021/06/mosaic-fish-tile-stockpack-pixabay-scaled.jpg,1
891,892,https://biblicomentarios.com/wp-content/uploads/2021/06/liahona-760495-mobile11.jpg,1
888,889,https://biblicomentarios.com/wp-content/uploads/2021/06/cortada_foto211.jpg,1
885,886,https://biblicomentarios.com/wp-content/uploads/2021/06/635993799763965012-1700129259_Solitude11.jpg,1
882,883,https://biblicomentarios.com/wp-content/uploads/2021/06/ojo-mirando-por-lupa1-768x4801-1-jpg.webp,1
879,880,https://biblicomentarios.com/wp-content/uploads/2021/06/regla-de-tres-600x40011-1-jpg.webp,1
876,877,https://biblicomentarios.com/wp-content/uploads/2021/06/Petrol_CanStockPhoto_Isolation-768x5441-1-jpg.webp,1
873,874,https://biblicomentarios.com/wp-content/uploads/2021/06/Prepare-for-Sacrament-517x268-option-2-2011-11-141.jpg,1
870,871,https://biblicomentarios.com/wp-content/uploads/2021/06/la-comprension-debe-estar-respaldada-por-la-accion-scaled-jpg.webp,1
867,868,https://biblicomentarios.com/wp-content/uploads/2021/06/poder-y-autoridad-del-sacerdocio-scaled-jpg.webp,1
862,863,https://biblicomentarios.com/wp-content/uploads/2021/06/ocean-sea-waves-stockpack-pixabay-scaled-jpg.webp,1
862,118327,https://biblicomentarios.com/wp-content/uploads/2021/06/Bautismo-en-la-Iglesia-Primitiva1.png,0
859,860,https://biblicomentarios.com/wp-content/uploads/2021/06/el-dia-de-reposo-es-una-delicia-scaled-jpg.webp,1
854,855,https://biblicomentarios.com/wp-content/uploads/2021/06/mamut-de-metro-talisman-elefantes-caballos-libro-de-mormon-scaled-jpg.webp,1
850,851,https://biblicomentarios.com/wp-content/uploads/2021/06/relacion-entre-doctrina-y-arqueologia-scaled.jpg,1
847,848,https://biblicomentarios.com/wp-content/uploads/2021/06/rabid-koala11.jpeg,1
847,118323,https://biblicomentarios.com/wp-content/uploads/2021/06/Legacy-45-porter-rockwell11.png,0
847,118325,https://biblicomentarios.com/wp-content/uploads/2021/06/a-curious-and-rabid-koala1.jpg,0
844,845,https://biblicomentarios.com/wp-content/uploads/2021/06/Arrellana_Family_2-768x4321-1.jpg,1
841,842,https://biblicomentarios.com/wp-content/uploads/2021/06/Archivero-horizontal-434-gris1-jpg.webp,1
838,839,https://biblicomentarios.com/wp-content/uploads/2021/06/Eccehomo11.jpg,1
835,836,https://biblicomentarios.com/wp-content/uploads/2021/06/water-drop-blue-liquid1-768x5111-1-jpg.webp,1
801,802,https://biblicomentarios.com/wp-content/uploads/2021/06/1200px-Cult_relief_of_the_Gad_Fortune_of_Dura_from_the_Temple_of_the_Gadde1.jpg,1
794,795,https://biblicomentarios.com/wp-content/uploads/2021/06/John_W_Young1.gif,1
791,792,https://biblicomentarios.com/wp-content/uploads/2021/06/lorenzo-snow-56-LS_mm3_st1-jpg.webp,1
788,789,https://biblicomentarios.com/wp-content/uploads/2021/06/c3a9lder-marvin-j-ashton1.jpg,1
784,785,https://biblicomentarios.com/wp-content/uploads/2021/06/Ricks-Stephen-1808-101-031-scaled.jpg,0
784,787,https://biblicomentarios.com/wp-content/uploads/2021/06/Stephen-D-Ricks1.jpg,1
780,781,https://biblicomentarios.com/wp-content/uploads/2021/06/holland-21-jpg.webp,1
777,778,https://biblicomentarios.com/wp-content/uploads/2021/06/cover0011-jpg.webp,1
774,775,https://biblicomentarios.com/wp-content/uploads/2021/06/remembering-president-packer-lvl1_1-07925780-latter-day-saints1.jpg,1
770,805,https://biblicomentarios.com/wp-content/uploads/2021/06/Piedra-rodante.png,0
770,806,https://biblicomentarios.com/wp-content/uploads/2021/06/elder-bednar-21-jpg.webp,1
767,768,https://biblicomentarios.com/wp-content/uploads/2021/06/bruce-r.-mcconkie-2-21-jpg.webp,1
764,765,https://biblicomentarios.com/wp-content/uploads/2021/06/corbett-brigham-portrait1-jpg.webp,1
761,762,https://biblicomentarios.com/wp-content/uploads/2021/06/dallin-h-oaks-large1-jpg.webp,1
758,759,https://biblicomentarios.com/wp-content/uploads/2021/06/ezra-taft-benson-82920-wallpaper1-jpg.webp,1
754,755,https://biblicomentarios.com/wp-content/uploads/2021/06/UchtdorfDFApril081-jpg.webp,1
739,740,https://biblicomentarios.com/wp-content/uploads/2021/06/libro-de-Job-scaled-jpg.webp,1
736,737,https://biblicomentarios.com/wp-content/uploads/2021/06/photo-of-green-grass-field-at-sunrise-stockpack-unsplash-scaled.jpg,1
733,734,https://biblicomentarios.com/wp-content/uploads/2021/06/libro-perdido-de-gad-scaled-jpg.webp,1
730,731,https://biblicomentarios.com/wp-content/uploads/2021/06/sewing-cotton-thread-stockpack-pixabay.jpg,1
730,118263,https://biblicomentarios.com/wp-content/uploads/2021/06/Longitud1.png,0
730,118265,https://biblicomentarios.com/wp-content/uploads/2021/06/Area1.png,0
730,118266,https://biblicomentarios.com/wp-content/uploads/2021/06/Volumen1.png,0
730,118267,https://biblicomentarios.com/wp-content/uploads/2021/06/Blanca1.png,0
725,726,https://biblicomentarios.com/wp-content/uploads/2021/06/young-woman-receives-patriarchal-blessing-full1-jpg.webp,1
721,722,https://biblicomentarios.com/wp-content/uploads/2021/06/ordenanzas-del-sacerdocio-3-21-jpg.webp,1
717,719,https://biblicomentarios.com/wp-content/uploads/2021/06/6GFO4WR6ZJCQVBZGHPDGFYPGEM1.jpg,1
714,715,https://biblicomentarios.com/wp-content/uploads/2021/06/EyringHB_1Apr1011.jpg,1
711,712,https://biblicomentarios.com/wp-content/uploads/2021/06/gordonbhincley1.png,1
706,709,https://biblicomentarios.com/wp-content/uploads/2021/06/HazorUNESCO1.jpg,1
705,707,https://biblicomentarios.com/wp-content/uploads/2021/06/sheep-animal-standing-stockpack-pixabay.png,1
702,704,https://biblicomentarios.com/wp-content/uploads/2021/06/beach-birds-sea-stockpack-pixabay-scaled-jpg.webp,1
696,697,https://biblicomentarios.com/wp-content/uploads/2021/06/joseph-51-jpg.webp,1
696,118296,https://biblicomentarios.com/wp-content/uploads/2021/06/joseph-searching-scriptures-37717-gallery11.jpg,0
696,118298,https://biblicomentarios.com/wp-content/uploads/2021/06/the-first-vision-82823-gallery11.jpg,0
696,118299,https://biblicomentarios.com/wp-content/uploads/2021/06/angel-moroni-appears-to-joseph-129546-gallery11.jpg,0
696,118300,https://biblicomentarios.com/wp-content/uploads/2021/06/the-8-witnesses-404871-gallery11.jpg,0
696,118301,https://biblicomentarios.com/wp-content/uploads/2021/06/aaronic-priesthood-given-to-joseph-82831-gallery11.jpg,0
696,118302,https://biblicomentarios.com/wp-content/uploads/2021/06/melchizedek-priesthood-given-to-joseph-37721-gallery11.jpg,0
696,118303,https://biblicomentarios.com/wp-content/uploads/2021/06/joseph-smith-carthage-jail-smith-153757-gallery11.jpg,0
694,700,https://biblicomentarios.com/wp-content/uploads/2021/06/family-home-evening-part-1-episode-11-2012-04-201-jpg.webp,1
691,692,https://biblicomentarios.com/wp-content/uploads/2021/06/342400_67097000_000_p_3481-jpg.webp,1
681,682,https://biblicomentarios.com/wp-content/uploads/2021/06/Presidente-Russell-M-Nelson-racismo1-jpeg.webp,1
678,679,https://biblicomentarios.com/wp-content/uploads/2021/06/Blessing_the_sacrament-637x3301-1-jpg.webp,1
675,676,https://biblicomentarios.com/wp-content/uploads/2021/06/bible-archeology-exodus-mt-sinai-sinai-drawing1-jpg.webp,1
670,671,https://biblicomentarios.com/wp-content/uploads/2021/06/book-glasses-watch-stockpack-pixabay-scaled.jpg,1
666,667,https://biblicomentarios.com/wp-content/uploads/2021/06/mormon-scriptures-spanish1-jpg.webp,1
666,120016,https://biblicomentarios.com/wp-content/uploads/2021/06/EmmaSmith1.jpg,0
663,664,https://biblicomentarios.com/wp-content/uploads/2021/06/12543434_img-38281.jpg,1
655,656,https://biblicomentarios.com/wp-content/uploads/2021/06/screen-shot-2018-03-20-at-90336-pm1-jpg.webp,1
652,653,https://biblicomentarios.com/wp-content/uploads/2021/06/31-jpg.webp,1
649,650,https://biblicomentarios.com/wp-content/uploads/2021/06/5c051f9b90375e40fd52fa35_1433431.jpeg,1
646,647,https://biblicomentarios.com/wp-content/uploads/2021/06/Elder-Von-G-Keetch-Dies-Unexpectedly-at-Age-571-jpg.webp,1
641,643,https://biblicomentarios.com/wp-content/uploads/2021/06/1200px-Brigham_Young_University_medallion.svg1_.png,1
638,639,https://biblicomentarios.com/wp-content/uploads/2021/06/gooseberry-fruits-tree-stockpack-pixabay-scaled.jpg,1
634,635,https://biblicomentarios.com/wp-content/uploads/2021/06/lamb-with-shepherd-stockpack-deposit-photos.jpg,1
634,636,https://biblicomentarios.com/wp-content/uploads/2021/06/silhouette-of-shepherd-and-sheep-stockpack-deposit-photos.jpg,0
614,615,https://biblicomentarios.com/wp-content/uploads/2021/06/Susan-Easton-Black-11-jpg.webp,1
597,598,https://biblicomentarios.com/wp-content/uploads/2021/06/amoz-scaled.jpg,1
594,595,https://biblicomentarios.com/wp-content/uploads/2021/06/350-elder-alexander-b-morrison-emeritus-general-authority-sevent_11.jpg,1
591,592,https://biblicomentarios.com/wp-content/uploads/2021/06/5fa915ee179b01.jpeg,1
588,589,https://biblicomentarios.com/wp-content/uploads/2021/06/460571.jpg,1
583,584,https://biblicomentarios.com/wp-content/uploads/2021/06/sculpture-art-statue-stockpack-pixabay-scaled.jpg,0
583,585,https://biblicomentarios.com/wp-content/uploads/2021/06/jesus-christ-god-stockpack-pixabay-scaled-jpg.webp,1
581,660,https://biblicomentarios.com/wp-content/uploads/2021/06/artworks-000196873340-q4qw1u-t500x5001.jpg,1
578,579,https://biblicomentarios.com/wp-content/uploads/2021/06/God-is-my-father-Dios-es-mi-padre-Abiel-scaled-jpg.webp,1
568,569,https://biblicomentarios.com/wp-content/uploads/2021/06/people-man-adult-stockpack-pixabay-jpg.webp,1
568,1252,https://biblicomentarios.com/wp-content/uploads/2021/06/image-4.png,0
557,558,https://biblicomentarios.com/wp-content/uploads/2021/05/chains-feet-sand-stockpack-pixabay-scaled.jpg,1
554,555,https://biblicomentarios.com/wp-content/uploads/2021/05/el-rey-laman-en-el-libro-de-mormon-scaled-jpg.webp,1
550,551,https://biblicomentarios.com/wp-content/uploads/2021/05/alzheimers-dementia-words-stockpack-pixabay-scaled-jpg.webp,1
550,1244,https://biblicomentarios.com/wp-content/uploads/2021/06/image.png,0
550,1246,https://biblicomentarios.com/wp-content/uploads/2021/06/image-1.png,0
547,548,https://biblicomentarios.com/wp-content/uploads/2021/05/book-dog-fairy-tales-stockpack-pixabay-scaled.jpg,1
542,543,https://biblicomentarios.com/wp-content/uploads/2021/05/2975b53d4c760633844ca99b37f168921.png,1
534,535,https://biblicomentarios.com/wp-content/uploads/2021/05/lion-predator-dangerous-stockpack-pixabay-scaled.jpg,1
531,532,https://biblicomentarios.com/wp-content/uploads/2021/05/a-spectacular-horse-show-in-the-caesarea-hippodrome-during-passover-holiday-2017-stockpack-adobe-stock.jpg,1
528,529,https://biblicomentarios.com/wp-content/uploads/2021/05/grapes-vines-grapevine-stockpack-pixabay-scaled.jpg,1
522,523,https://biblicomentarios.com/wp-content/uploads/2021/05/people-portrait-adult-stockpack-pixabay-scaled.jpg,1
519,520,https://biblicomentarios.com/wp-content/uploads/2021/05/play-figures-green-blue-stockpack-pixabay-scaled-jpg.webp,1
515,516,https://biblicomentarios.com/wp-content/uploads/2021/05/601px-The_Evangelist_Matthew_Inspired_by_an_Angel1.jpg,1
512,513,https://biblicomentarios.com/wp-content/uploads/2021/05/RNS-St-Mark3-0124191.jpg,1
509,510,https://biblicomentarios.com/wp-content/uploads/2021/05/benhur-15386079091.png,1
499,500,https://biblicomentarios.com/wp-content/uploads/2021/05/corinth-channel-corinth-canal-stockpack-pixabay-scaled.jpg,1
496,497,https://biblicomentarios.com/wp-content/uploads/2021/05/rome-sunset-bridge-stockpack-pixabay-scaled-jpg.webp,1
492,493,https://biblicomentarios.com/wp-content/uploads/2021/05/mailbox-rome-newspaper-stockpack-pixabay-scaled-jpg.webp,1
487,488,https://biblicomentarios.com/wp-content/uploads/2021/05/mountains-landscape-sunset-stockpack-pixabay.png,1
484,485,https://biblicomentarios.com/wp-content/uploads/2021/05/mountains-sun-clouds-stockpack-pixabay.jpg,1
461,462,https://biblicomentarios.com/wp-content/uploads/2021/05/flowers-almond-tree-flowering-stockpack-pixabay.png,1
456,457,https://biblicomentarios.com/wp-content/uploads/2021/05/almond-tree-blossom-bloom-stockpack-pixabay-scaled-jpg.webp,1
448,449,https://biblicomentarios.com/wp-content/uploads/2021/05/580-a-fond-friendship-with-sister-marjorie-pay-hinckley_21.jpg,1
447,451,https://biblicomentarios.com/wp-content/uploads/2021/05/poker-royal-flush-card-game-stockpack-pixabay-scaled-jpg.webp,1
435,436,https://biblicomentarios.com/wp-content/uploads/2021/05/cover0011-jpg.webp,1
432,433,https://biblicomentarios.com/wp-content/uploads/2021/05/bible-books-open-stockpack-pixabay-scaled-jpg.webp,1
432,118254,https://biblicomentarios.com/wp-content/uploads/2021/06/Uso-del-termino-Elohim-en-la-Biblia-para-referirse-a-deidades1.png,0
432,118255,https://biblicomentarios.com/wp-content/uploads/2021/06/Uso-del-termino-Elohim-en-la-Biblia1.png,0
429,430,https://biblicomentarios.com/wp-content/uploads/2021/05/mountain-trees-forest-stockpack-pixabay-scaled-jpg.webp,1
426,427,https://biblicomentarios.com/wp-content/uploads/2021/05/environmental-protection-environment-atmosphere-stockpack-pixabay.jpg,1
423,424,https://biblicomentarios.com/wp-content/uploads/2021/05/sky-moon-skyscape-stockpack-pixabay-scaled-jpg.webp,1
420,421,https://biblicomentarios.com/wp-content/uploads/2021/05/hands-puzzle-pieces-connect-stockpack-pixabay-scaled-jpg.webp,1
417,418,https://biblicomentarios.com/wp-content/uploads/2021/05/child-reading-bible-stockpack-pixabay-scaled-jpg.webp,1
414,415,https://biblicomentarios.com/wp-content/uploads/2021/05/Principales-caracteristicas-de-Mateo-71.jpg,1
411,412,https://biblicomentarios.com/wp-content/uploads/2021/05/Principales-caracteristicas-de-Mateo-61.jpg,1
408,409,https://biblicomentarios.com/wp-content/uploads/2021/05/crosses-sunset-silhouettes-stockpack-pixabay-scaled-jpg.webp,1
405,406,https://biblicomentarios.com/wp-content/uploads/2021/05/289905c30e14a19b8b01c3bfe15c3b4c-768x5041-1-jpg.webp,1
402,403,https://biblicomentarios.com/wp-content/uploads/2021/05/egypt-pyramids-egyptian-stockpack-pixabay-scaled.jpg,1
399,400,https://biblicomentarios.com/wp-content/uploads/2021/05/lds-Bishop1.png,1
395,396,https://biblicomentarios.com/wp-content/uploads/2021/05/Genealogia-de-Moises-768x5901-1.png,1
395,1467261,https://biblicomentarios.com/wp-content/uploads/2023/07/image-4.png,0
395,1467262,https://biblicomentarios.com/wp-content/uploads/2023/07/image-5.png,0
395,1467263,https://biblicomentarios.com/wp-content/uploads/2023/07/image-6.png,0
395,1467272,https://biblicomentarios.com/wp-content/uploads/2023/07/image-7.png,0
392,393,https://biblicomentarios.com/wp-content/uploads/2021/05/caminando11.jpg,1
389,390,https://biblicomentarios.com/wp-content/uploads/2021/05/El-caracter-de-la-prueba-de-Job-768x4611-1-jpg.webp,1
383,384,https://biblicomentarios.com/wp-content/uploads/2021/05/father-son-sunrise-stockpack-pixabay-scaled-jpg.webp,1
383,1249,https://biblicomentarios.com/wp-content/uploads/2021/06/image-2.png,0
383,1250,https://biblicomentarios.com/wp-content/uploads/2021/06/image-3.png,0
380,381,https://biblicomentarios.com/wp-content/uploads/2021/05/infancia-de-jesus-680x33011-1.jpg,1
368,369,https://biblicomentarios.com/wp-content/uploads/2021/05/whale_1486014187-768x4041-1-jpg.webp,1
361,362,https://biblicomentarios.com/wp-content/uploads/2021/05/dirt-road-sunbeams-forest-stockpack-pixabay-scaled.jpg,1
355,358,https://biblicomentarios.com/wp-content/uploads/2021/05/paper-font-old-stockpack-pixabay-scaled-jpg.webp,1
352,353,https://biblicomentarios.com/wp-content/uploads/2021/05/could-king-david-have-been-bisexual-instead-of-gay-2137302811.jpg,1
352,118105,https://biblicomentarios.com/wp-content/uploads/2021/06/El-linaje-del-rey-David1.png,0
352,118107,https://biblicomentarios.com/wp-content/uploads/2021/06/022415_1846_loquesabemo21.jpg,0
349,350,https://biblicomentarios.com/wp-content/uploads/2021/05/alphabet-communication-emotion-stockpack-pixabay.png,1
336,337,https://biblicomentarios.com/wp-content/uploads/2021/05/Puertas-de-Jerusalen-11.jpg,1
332,333,https://biblicomentarios.com/wp-content/uploads/2021/05/road-landscape-horizon-stockpack-pixabay-scaled-jpg.webp,1
329,330,https://biblicomentarios.com/wp-content/uploads/2021/05/dewit_mozes_70oudsten1737_grt1-768x3111-1.jpg,1
326,327,https://biblicomentarios.com/wp-content/uploads/2021/05/mountains-valley-summit-stockpack-pixabay.jpg,1
323,324,https://biblicomentarios.com/wp-content/uploads/2021/05/M81056011.jpg,1
323,118250,https://biblicomentarios.com/wp-content/uploads/2021/06/jesus-christ-ordaining-the-twelve-apostles11.jpg,0
320,321,https://biblicomentarios.com/wp-content/uploads/2021/05/stirling-castle-scotland-stirling-stockpack-pixabay.jpg,1
317,318,https://biblicomentarios.com/wp-content/uploads/2021/05/stairs-stone-gradually-stockpack-pixabay-scaled.jpg,1
314,315,https://biblicomentarios.com/wp-content/uploads/2021/05/scroll-feather-ink-stockpack-pixabay-scaled-jpg.webp,1
309,310,https://biblicomentarios.com/wp-content/uploads/2021/05/chess-board-game-stockpack-pixabay-jpg.webp,1
306,307,https://biblicomentarios.com/wp-content/uploads/2021/05/La-Pascua-judia-es-una-representacion-del-sacrificio-expiatorio-del-Mesias-Jesucristo-768x2961-1.jpg,1
301,302,https://biblicomentarios.com/wp-content/uploads/2021/05/57f0e4e4c36188eb488b45db1-768x4321-1.jpg,1
298,299,https://biblicomentarios.com/wp-content/uploads/2021/05/annunciation-mary-bible-video-1398414-gallery11.jpg,1
295,296,https://biblicomentarios.com/wp-content/uploads/2021/05/letter-envelope-flowers-stockpack-pixabay-jpg.webp,1
199,200,https://biblicomentarios.com/wp-content/uploads/2021/05/rose-book-old-book-stockpack-pixabay-scaled-jpg.webp,1
196,197,https://biblicomentarios.com/wp-content/uploads/2021/05/close-up-art-portrait-stockpack-pixabay-scaled-jpg.webp,1
192,193,https://biblicomentarios.com/wp-content/uploads/2021/05/diversity_1488406774-768x5121-1-jpg.webp,1
189,190,https://biblicomentarios.com/wp-content/uploads/2021/05/abandonment_1488406023-768x5761-1.jpg,1
181,182,https://biblicomentarios.com/wp-content/uploads/2021/05/molino_de_14856092621.jpg,1
175,176,https://biblicomentarios.com/wp-content/uploads/2021/05/sitio-jerusalen1-768x4031-1.jpg,1
172,173,https://biblicomentarios.com/wp-content/uploads/2021/05/librodemormon1-768x4321-1.jpg,1
169,170,https://biblicomentarios.com/wp-content/uploads/2021/05/Levitical-Families11-e1621642546639.jpg,1
169,118246,https://biblicomentarios.com/wp-content/uploads/2021/06/Genealogia-de-Coat-hijo-de-Levi1.png,0
169,118248,https://biblicomentarios.com/wp-content/uploads/2021/06/La-genealogia-de-los-descendientes-de-la-tribu-de-Levi-levitas1.png,0
166,167,https://biblicomentarios.com/wp-content/uploads/2021/05/photo-2359417593197879595228862-768x4661-1.jpeg,1
166,118499,https://biblicomentarios.com/wp-content/uploads/2021/05/Rasmussen_Ellis1.jpg,0
163,164,https://biblicomentarios.com/wp-content/uploads/2021/05/La-historia-de-Eliseo-y-las-osas-768x5111-1.jpeg,1
160,161,https://biblicomentarios.com/wp-content/uploads/2021/05/glass-time-watch-business1-768x5081-1-jpg.webp,1
157,158,https://biblicomentarios.com/wp-content/uploads/2021/05/rose-blue-flower-rose-blooms-676361-768x5081-1-jpeg.webp,1
133,134,https://biblicomentarios.com/wp-content/uploads/2021/05/vierzig-stockpack-adobe-stock-jpg.webp,1
124,126,https://biblicomentarios.com/wp-content/uploads/2021/05/illustration-of-the-holy-family-and-three-kings-illustration-for-the-children-stockpack-deposit-photos.jpg,0
124,121469,https://biblicomentarios.com/wp-content/uploads/2021/05/reyes-magos.jpg,0
124,1461300,https://biblicomentarios.com/wp-content/uploads/2023/07/the-magi-who-were-neither-kings-nor-magi-the-story-according-to-the-bible.jpg,0
104,105,https://biblicomentarios.com/wp-content/uploads/2021/05/vadi-ram-jordan-stockpack-deposit-photos.jpg,0
104,132,https://biblicomentarios.com/wp-content/uploads/2021/05/river-mountains-sunset-stockpack-pixabay.jpg,1
101,102,https://biblicomentarios.com/wp-content/uploads/2021/05/colorful-five-fingers-kid-stockpack-pixabay-scaled-jpg.webp,1
101,122815,https://biblicomentarios.com/wp-content/uploads/2022/12/image.png,0
101,122817,https://biblicomentarios.com/wp-content/uploads/2022/12/image-1.png,0
98,99,https://biblicomentarios.com/wp-content/uploads/2021/05/camels-desert-travel-stockpack-pixabay-scaled.jpg,1
95,96,https://biblicomentarios.com/wp-content/uploads/2021/05/Cebu-Temple-Ordinance-Room11.jpg,1
92,93,https://biblicomentarios.com/wp-content/uploads/2021/05/virgin-mary-divine-saint-stockpack-pixabay.png,1
89,90,https://biblicomentarios.com/wp-content/uploads/2021/05/jonasmar-640x360-11.jpg,1
86,87,https://biblicomentarios.com/wp-content/uploads/2021/05/hourglass-clock-sand-stockpack-pixabay-scaled.jpg,1
83,84,https://biblicomentarios.com/wp-content/uploads/2021/05/pocket-watch-time-of-sand-stockpack-pixabay-scaled-jpg.webp,1
80,82,https://biblicomentarios.com/wp-content/uploads/2021/05/place-name-sign-thing-experience-stockpack-pixabay-scaled-jpg.webp,1
74,76,https://biblicomentarios.com/wp-content/uploads/2021/05/desert-man-arabic-stockpack-pixabay-scaled.jpg,1
68,70,https://biblicomentarios.com/wp-content/uploads/2021/05/pexels-photo-2614701-768x5111-1-jpeg.webp,1
65,66,https://biblicomentarios.com/wp-content/uploads/2021/05/pexels-photo-10450401-768x5111-1-jpeg.webp,1
62,63,https://biblicomentarios.com/wp-content/uploads/2021/05/global_landscapes_initiative_directory_pages1-768x2971-1.jpg,1
59,60,https://biblicomentarios.com/wp-content/uploads/2021/05/pexels-photo-2771241-768x5111-1-jpeg.webp,1
54,55,https://biblicomentarios.com/wp-content/uploads/2021/05/pre-hispanic-culture-birth-community1-768x3671-1.jpg,1
52,58,https://biblicomentarios.com/wp-content/uploads/2021/05/da75f994d4cc2cf45b98cc6448c029641.gif,0
52,78,https://biblicomentarios.com/wp-content/uploads/2021/05/dead-sea-caravan-camel-stockpack-pixabay-scaled.jpg,1
